﻿userID,userEmail,password
1,Aaliyah'sMommy1@email.com,password
2,Aaliyah'sMommy2@email.com,password
3,Aaliyah'sMommy3@email.com,password
4,Aaliyah'sMommy4@email.com,password
5,Abigail'sMommy5@email.com,password
6,Abigail'sMommy6@email.com,password
7,Abigail'sMommy7@email.com,password
8,Abigail'sMommy8@email.com,password
9,Adalyn'sMommy9@email.com,password
10,Adalyn'sMommy10@email.com,password
11,Adalyn'sMommy11@email.com,password
12,Adalyn'sMommy12@email.com,password
13,Adam'sMommy13@email.com,password
14,Adam'sMommy14@email.com,password
15,Adam'sMommy15@email.com,password
16,Addison'sMommy16@email.com,password
17,Addison'sMommy17@email.com,password
18,Addison'sMommy18@email.com,password
19,Addison'sMommy19@email.com,password
20,Aiden'sMommy20@email.com,password
21,Aiden'sMommy21@email.com,password
22,Aiden'sMommy22@email.com,password
23,Alexander'sMommy23@email.com,password
24,Alexander'sMommy24@email.com,password
25,Alexander'sMommy25@email.com,password
26,Amelia'sMommy26@email.com,password
27,Amelia'sMommy27@email.com,password
28,Amelia'sMommy28@email.com,password
29,Amelia'sMommy29@email.com,password
30,Anna'sMommy30@email.com,password
31,Anna'sMommy31@email.com,password
32,Anna'sMommy32@email.com,password
33,Anna'sMommy33@email.com,password
34,Aria'sMommy34@email.com,password
35,Aria'sMommy35@email.com,password
36,Aria'sMommy36@email.com,password
37,Aria'sMommy37@email.com,password
38,Arianna'sMommy38@email.com,password
39,Arianna'sMommy39@email.com,password
40,Arianna'sMommy40@email.com,password
41,Arianna'sMommy41@email.com,password
42,Aubrey'sMommy42@email.com,password
43,Aubrey'sMommy43@email.com,password
44,Aubrey'sMommy44@email.com,password
45,Aubrey'sMommy45@email.com,password
46,Ava'sMommy46@email.com,password
47,Ava'sMommy47@email.com,password
48,Ava'sMommy48@email.com,password
49,Ava'sMommy49@email.com,password
50,Avery'sMommy50@email.com,password
51,Avery'sMommy51@email.com,password
52,Avery'sMommy52@email.com,password
53,Avery'sMommy53@email.com,password
54,Benjamin'sMommy54@email.com,password
55,Benjamin'sMommy55@email.com,password
56,Benjamin'sMommy56@email.com,password
57,Brooklyn'sMommy57@email.com,password
58,Brooklyn'sMommy58@email.com,password
59,Brooklyn'sMommy59@email.com,password
60,Brooklyn'sMommy60@email.com,password
61,Caden'sMommy61@email.com,password
62,Caden'sMommy62@email.com,password
63,Caden'sMommy63@email.com,password
64,Caleb'sMommy64@email.com,password
65,Caleb'sMommy65@email.com,password
66,Caleb'sMommy66@email.com,password
67,Cameron'sMommy67@email.com,password
68,Cameron'sMommy68@email.com,password
69,Cameron'sMommy69@email.com,password
70,Camilla'sMommy70@email.com,password
71,Camilla'sMommy71@email.com,password
72,Camilla'sMommy72@email.com,password
73,Camilla'sMommy73@email.com,password
74,Carter'sMommy74@email.com,password
75,Carter'sMommy75@email.com,password
76,Carter'sMommy76@email.com,password
77,Charlotte'sMommy77@email.com,password
78,Charlotte'sMommy78@email.com,password
79,Charlotte'sMommy79@email.com,password
80,Charlotte'sMommy80@email.com,password
81,Chloe'sMommy81@email.com,password
82,Chloe'sMommy82@email.com,password
83,Chloe'sMommy83@email.com,password
84,Chloe'sMommy84@email.com,password
85,Connor'sMommy85@email.com,password
86,Connor'sMommy86@email.com,password
87,Connor'sMommy87@email.com,password
88,Daniel'sMommy88@email.com,password
89,Daniel'sMommy89@email.com,password
90,Daniel'sMommy90@email.com,password
91,David'sMommy91@email.com,password
92,David'sMommy92@email.com,password
93,David'sMommy93@email.com,password
94,Dylan'sMommy94@email.com,password
95,Dylan'sMommy95@email.com,password
96,Dylan'sMommy96@email.com,password
97,Eliana'sMommy97@email.com,password
98,Eliana'sMommy98@email.com,password
99,Eliana'sMommy99@email.com,password
100,Eliana'sMommy100@email.com,password
101,Elijah'sMommy101@email.com,password
102,Elijah'sMommy102@email.com,password
103,Elijah'sMommy103@email.com,password
104,Elizabeth'sMommy104@email.com,password
105,Elizabeth'sMommy105@email.com,password
106,Elizabeth'sMommy106@email.com,password
107,Elizabeth'sMommy107@email.com,password
108,Ella'sMommy108@email.com,password
109,Ella'sMommy109@email.com,password
110,Ella'sMommy110@email.com,password
111,Ella'sMommy111@email.com,password
112,Ellie'sMommy112@email.com,password
113,Ellie'sMommy113@email.com,password
114,Ellie'sMommy114@email.com,password
115,Ellie'sMommy115@email.com,password
116,Emily'sMommy116@email.com,password
117,Emily'sMommy117@email.com,password
118,Emily'sMommy118@email.com,password
119,Emily'sMommy119@email.com,password
120,Emma'sMommy120@email.com,password
121,Emma'sMommy121@email.com,password
122,Emma'sMommy122@email.com,password
123,Emma'sMommy123@email.com,password
124,Ethan'sMommy124@email.com,password
125,Ethan'sMommy125@email.com,password
126,Ethan'sMommy126@email.com,password
127,Evelyn'sMommy127@email.com,password
128,Evelyn'sMommy128@email.com,password
129,Evelyn'sMommy129@email.com,password
130,Evelyn'sMommy130@email.com,password
131,Gabriel'sMommy131@email.com,password
132,Gabriel'sMommy132@email.com,password
133,Gabriel'sMommy133@email.com,password
134,Grace'sMommy134@email.com,password
135,Grace'sMommy135@email.com,password
136,Grace'sMommy136@email.com,password
137,Grace'sMommy137@email.com,password
138,Grayson'sMommy138@email.com,password
139,Grayson'sMommy139@email.com,password
140,Grayson'sMommy140@email.com,password
141,Hailey'sMommy141@email.com,password
142,Hailey'sMommy142@email.com,password
143,Hailey'sMommy143@email.com,password
144,Hailey'sMommy144@email.com,password
145,Hannah'sMommy145@email.com,password
146,Hannah'sMommy146@email.com,password
147,Hannah'sMommy147@email.com,password
148,Hannah'sMommy148@email.com,password
149,Harper'sMommy149@email.com,password
150,Harper'sMommy150@email.com,password
151,Harper'sMommy151@email.com,password
152,Harper'sMommy152@email.com,password
153,Henry'sMommy153@email.com,password
154,Henry'sMommy154@email.com,password
155,Henry'sMommy155@email.com,password
156,Isaac'sMommy156@email.com,password
157,Isaac'sMommy157@email.com,password
158,Isaac'sMommy158@email.com,password
159,Isabella'sMommy159@email.com,password
160,Isabella'sMommy160@email.com,password
161,Isabella'sMommy161@email.com,password
162,Isabella'sMommy162@email.com,password
163,Isabelle'sMommy163@email.com,password
164,Isabelle'sMommy164@email.com,password
165,Isabelle'sMommy165@email.com,password
166,Isabelle'sMommy166@email.com,password
167,Isaiah'sMommy167@email.com,password
168,Isaiah'sMommy168@email.com,password
169,Isaiah'sMommy169@email.com,password
170,Jack'sMommy170@email.com,password
171,Jack'sMommy171@email.com,password
172,Jack'sMommy172@email.com,password
173,Jackson'sMommy173@email.com,password
174,Jackson'sMommy174@email.com,password
175,Jackson'sMommy175@email.com,password
176,Jacob'sMommy176@email.com,password
177,Jacob'sMommy177@email.com,password
178,Jacob'sMommy178@email.com,password
179,James'sMommy179@email.com,password
180,James'sMommy180@email.com,password
181,James'sMommy181@email.com,password
182,Jayce'sMommy182@email.com,password
183,Jayce'sMommy183@email.com,password
184,Jayce'sMommy184@email.com,password
185,Jayden'sMommy185@email.com,password
186,Jayden'sMommy186@email.com,password
187,Jayden'sMommy187@email.com,password
188,John'sMommy188@email.com,password
189,John'sMommy189@email.com,password
190,John'sMommy190@email.com,password
191,Josiah'sMommy191@email.com,password
192,Josiah'sMommy192@email.com,password
193,Josiah'sMommy193@email.com,password
194,Julian'sMommy194@email.com,password
195,Julian'sMommy195@email.com,password
196,Julian'sMommy196@email.com,password
197,Kaylee'sMommy197@email.com,password
198,Kaylee'sMommy198@email.com,password
199,Kaylee'sMommy199@email.com,password
200,Kaylee'sMommy200@email.com,password
201,Kinsley'sMommy201@email.com,password
202,Kinsley'sMommy202@email.com,password
203,Kinsley'sMommy203@email.com,password
204,Kinsley'sMommy204@email.com,password
205,Layla'sMommy205@email.com,password
206,Layla'sMommy206@email.com,password
207,Layla'sMommy207@email.com,password
208,Layla'sMommy208@email.com,password
209,Leah'sMommy209@email.com,password
210,Leah'sMommy210@email.com,password
211,Leah'sMommy211@email.com,password
212,Leah'sMommy212@email.com,password
213,Leo'sMommy213@email.com,password
214,Leo'sMommy214@email.com,password
215,Leo'sMommy215@email.com,password
216,Levi'sMommy216@email.com,password
217,Levi'sMommy217@email.com,password
218,Levi'sMommy218@email.com,password
219,Liam'sMommy219@email.com,password
220,Liam'sMommy220@email.com,password
221,Liam'sMommy221@email.com,password
222,Lily'sMommy222@email.com,password
223,Lily'sMommy223@email.com,password
224,Lily'sMommy224@email.com,password
225,Lily'sMommy225@email.com,password
226,Lincoln'sMommy226@email.com,password
227,Lincoln'sMommy227@email.com,password
228,Lincoln'sMommy228@email.com,password
229,Logan'sMommy229@email.com,password
230,Logan'sMommy230@email.com,password
231,Logan'sMommy231@email.com,password
232,Lucas'sMommy232@email.com,password
233,Lucas'sMommy233@email.com,password
234,Lucas'sMommy234@email.com,password
235,Luke'sMommy235@email.com,password
236,Luke'sMommy236@email.com,password
237,Luke'sMommy237@email.com,password
238,Luna'sMommy238@email.com,password
239,Luna'sMommy239@email.com,password
240,Luna'sMommy240@email.com,password
241,Luna'sMommy241@email.com,password
242,Mackenzie'sMommy242@email.com,password
243,Mackenzie'sMommy243@email.com,password
244,Mackenzie'sMommy244@email.com,password
245,Mackenzie'sMommy245@email.com,password
246,Madelyn'sMommy246@email.com,password
247,Madelyn'sMommy247@email.com,password
248,Madelyn'sMommy248@email.com,password
249,Madelyn'sMommy249@email.com,password
250,Madison'sMommy250@email.com,password
251,Madison'sMommy251@email.com,password
252,Madison'sMommy252@email.com,password
253,Madison'sMommy253@email.com,password
254,Mason'sMommy254@email.com,password
255,Mason'sMommy255@email.com,password
256,Mason'sMommy256@email.com,password
257,Mateo'sMommy257@email.com,password
258,Mateo'sMommy258@email.com,password
259,Mateo'sMommy259@email.com,password
260,Matthew'sMommy260@email.com,password
261,Matthew'sMommy261@email.com,password
262,Matthew'sMommy262@email.com,password
263,Maya'sMommy263@email.com,password
264,Maya'sMommy264@email.com,password
265,Maya'sMommy265@email.com,password
266,Maya'sMommy266@email.com,password
267,Mia'sMommy267@email.com,password
268,Mia'sMommy268@email.com,password
269,Mia'sMommy269@email.com,password
270,Mia'sMommy270@email.com,password
271,Michael'sMommy271@email.com,password
272,Michael'sMommy272@email.com,password
273,Michael'sMommy273@email.com,password
274,Mila'sMommy274@email.com,password
275,Mila'sMommy275@email.com,password
276,Mila'sMommy276@email.com,password
277,Mila'sMommy277@email.com,password
278,Muhammad'sMommy278@email.com,password
279,Muhammad'sMommy279@email.com,password
280,Muhammad'sMommy280@email.com,password
281,Nathan'sMommy281@email.com,password
282,Nathan'sMommy282@email.com,password
283,Nathan'sMommy283@email.com,password
284,Nicholas'sMommy284@email.com,password
285,Nicholas'sMommy285@email.com,password
286,Nicholas'sMommy286@email.com,password
287,Noah'sMommy287@email.com,password
288,Noah'sMommy288@email.com,password
289,Noah'sMommy289@email.com,password
290,Nora'sMommy290@email.com,password
291,Nora'sMommy291@email.com,password
292,Nora'sMommy292@email.com,password
293,Nora'sMommy293@email.com,password
294,Oliver'sMommy294@email.com,password
295,Oliver'sMommy295@email.com,password
296,Oliver'sMommy296@email.com,password
297,Olivia'sMommy297@email.com,password
298,Olivia'sMommy298@email.com,password
299,Olivia'sMommy299@email.com,password
300,Olivia'sMommy300@email.com,password
301,Owen'sMommy301@email.com,password
302,Owen'sMommy302@email.com,password
303,Owen'sMommy303@email.com,password
304,Paisley'sMommy304@email.com,password
305,Paisley'sMommy305@email.com,password
306,Paisley'sMommy306@email.com,password
307,Paisley'sMommy307@email.com,password
308,Penelope'sMommy308@email.com,password
309,Penelope'sMommy309@email.com,password
310,Penelope'sMommy310@email.com,password
311,Penelope'sMommy311@email.com,password
312,Riley'sMommy312@email.com,password
313,Riley'sMommy313@email.com,password
314,Riley'sMommy314@email.com,password
315,Riley'sMommy315@email.com,password
316,Ryan'sMommy316@email.com,password
317,Ryan'sMommy317@email.com,password
318,Ryan'sMommy318@email.com,password
319,Samuel'sMommy319@email.com,password
320,Samuel'sMommy320@email.com,password
321,Samuel'sMommy321@email.com,password
322,Sarah'sMommy322@email.com,password
323,Sarah'sMommy323@email.com,password
324,Sarah'sMommy324@email.com,password
325,Sarah'sMommy325@email.com,password
326,Scarlett'sMommy326@email.com,password
327,Scarlett'sMommy327@email.com,password
328,Scarlett'sMommy328@email.com,password
329,Scarlett'sMommy329@email.com,password
330,Sebastian'sMommy330@email.com,password
331,Sebastian'sMommy331@email.com,password
332,Sebastian'sMommy332@email.com,password
333,Sophia'sMommy333@email.com,password
334,Sophia'sMommy334@email.com,password
335,Sophia'sMommy335@email.com,password
336,Sophia'sMommy336@email.com,password
337,Victoria'sMommy337@email.com,password
338,Victoria'sMommy338@email.com,password
339,Victoria'sMommy339@email.com,password
340,Victoria'sMommy340@email.com,password
341,William'sMommy341@email.com,password
342,William'sMommy342@email.com,password
343,William'sMommy343@email.com,password
344,Wyatt'sMommy344@email.com,password
345,Wyatt'sMommy345@email.com,password
346,Wyatt'sMommy346@email.com,password
347,Zoe'sMommy347@email.com,password
348,Zoe'sMommy348@email.com,password
349,Zoe'sMommy349@email.com,password
350,Zoe'sMommy350@email.com,password